"name","country","region","latitude","longitude","aliases"
"Aribinda","Burkina Faso","Sahel","14.22963","-0.86537","Arbinda"
"Bama","Burkina Faso","Boucle du Mouhoun","12.0357","-4.3987",""
"Banfora","Burkina Faso","Cascades Region","10.64064","-4.75285","Banforu|banaphora|banfwra|bang fu la|bangpola"
"Barogo","Burkina Faso","Plateau-Central","12.55","-0.96667",""
"Batié","Burkina Faso","Sud-Ouest","9.88333","-2.91667","Batie|Bat'e|Bati|baty|beti"
"Béguédo","Burkina Faso","Centre-Est","11.78083","-0.73389","Beguedo"
"Bittou","Burkina Faso","Centre-Est","11.25806","-0.30611","Bitou|Bittu"
"Bobo-Dioulasso","Burkina Faso","Hauts-Bassins","11.18064","-4.29489","Bobo Diulasas|Bobo-Diulaco shaary|Bobo-Diulaso|Bobo-Diulasso|Bobodjulaso|bo bo di wu la suo|bobo-diyolaso|bobodiullaso|bwbw dywlasw"
"Bogandé","Burkina Faso","Est","12.97711","-0.14661","Bogande|Bogunde|boganide|bwghandy|bwgndy"
"Boromo","Burkina Faso","Boucle du Mouhoun","11.74542","-2.93006","Borom|baromo|bwrwmw"
"Boulsa","Burkina Faso","Centre-Nord","12.66664","-0.57469","Boulssa|Bulsa|baulasa|burusa|bwlsa"
"Bourzanga","Burkina Faso","Centre-Nord","13.67806","-1.54611","Boulzanga|Bourzenga"
"Boussé","Burkina Faso","Plateau-Central","12.66121","-1.89515","Bousse|Busse|baus'se|bause|buse|bwsh|bwsy"
"Cinkansé","Burkina Faso","Centre-Est","11.11857","0.00993","Cinkanse"
"Dano","Burkina Faso","Sud-Ouest","11.1464","-3.05784","danw"
"Dédougou","Burkina Faso","Boucle du Mouhoun","12.4636","-3.46075","Dedougou|Dedugu|dai du gu|ddwgw|dedougu|dydwghw|dydwgw"
"Diapaga","Burkina Faso","Est","12.0729","1.78835","diyapaga|dyabgha|dyapaga"
"Diébougou","Burkina Faso","Sud-Ouest","10.96209","-3.24967","Diebougou|D'ebugu|Diebugu|di'ebaugau|di'ebogo|dibebogu|dibugu|dybwghw|dybwgw"
"Djibo","Burkina Faso","Sahel","14.09864","-1.62665","Dzhibo|Jibo|jybw"
"Dori","Burkina Faso","Sahel","14.03326","-0.03333","Doris|dari|duo li|dwry|dwry  brkyna fasw"
"Fada N'gourma","Burkina Faso","Est","12.06157","0.35843","Fada-Ngurma|fada ngwrma|fada nqwrma|fadangoruma|phada enagorama|phada n'gaurma|phada nagorama"
"Fara Department","Burkina Faso","Boucle du Mouhoun","11.52941","-2.76797","Fara"
"Gao","Burkina Faso","Centre-Ouest","11.64967","-2.17777",""
"Gaoua","Burkina Faso","Sud-Ouest","10.33137","-3.18202","Gaua|Gava|gawa|jia wa"
"Garango","Burkina Faso","Centre-Est","11.8","-0.55056","jia lang ge"
"Gayéri","Burkina Faso","Est","12.64824","0.49314","Gayeri|Gaeri|ga'iri|gaieri|gayry|gayyry|ghayry"
"Gomboussougou","Burkina Faso","Centre-Sud","11.42611","-0.77278","Bonsoungou|Bonsungu|Boussougou|Comboussougou|Komboussougou"
"Gorom-Gorom","Burkina Faso","Sahel","14.4429","-0.23468","Gorum-Gorum|ghwrm ghwrm|gorama-gorama|goroma-goroma|goromugoromu|gwrm gwrm"
"Goulouré","Burkina Faso","Centre-Ouest","12.23484","-1.93394","Gouloure"
"Gourcy","Burkina Faso","Nord","13.20776","-2.35893","Goursi|Gursi|gaurasi|gaursi|ghwrsy|gorisi|gorushi|gwrsy"
"Houndé","Burkina Faso","Hauts-Bassins","11.5","-3.51667","Hounde|Hunde|Unde|handy|haunde|honide|hwndy"
"Karankasso","Burkina Faso","Hauts-Bassins","11.22191","-4.64423","Karangasso"
"Kaya","Burkina Faso","Centre-Nord","13.0883","-1.08368","Kaja|kaya  brkyna fasw"
"Kindi","Burkina Faso","Centre-Ouest","12.4386","-2.03279","Kindia"
"Kokologo","Burkina Faso","Centre-Ouest","12.19392","-1.87687","Kokolgho"
"Kombissiri","Burkina Faso","Centre-Sud","12.06884","-1.33644","Kombisiri|Kombissiguiri|kambisiri|kombisasiri|konbisshiri|kwmbysyry"
"Kompienga","Burkina Faso","Est","11.08169","0.72365","Komp'enga|kampi'enga|kapi'enga|konpienga|kwmbyynja|kwmpyhnga|kwmpyynga"
"Kongoussi","Burkina Faso","Centre-Nord","13.32583","-1.53472","Kongusi|kongaus'si|kongausi|kongousshi|kwenigusisi|kwnghwsy|kwngwsy"
"Korsimoro","Burkina Faso","Centre-Nord","12.82506","-1.06737",""
"Koudougou","Burkina Faso","Centre-Ouest","12.25188","-2.36694","Kondougou|Kudugu|Kuduguo|khu du ku|kudougu|kwdwghw|kwdwgw"
"Kouka","Burkina Faso","Centre-Nord","13.4345","-1.61361",""
"Koupéla","Burkina Faso","Centre-Est","12.17864","-0.35103","Koupela|Kupela|kaupela|kopela|kupera|kwbyla|kwpla|kwpyla"
"Léo","Burkina Faso","Centre-Ouest","11.10033","-2.10654","li'o|liyo"
"Manga","Burkina Faso","Centre-Sud","11.66496","-1.06977","maga|mangha|maniga|mnga|myanga"
"Mangodara","Burkina Faso","Cascades Region","9.90238","-4.3576","Mangodaga"
"Mani","Burkina Faso","Est","13.25833","-0.21306","Manni"
"Mogtédo","Burkina Faso","Plateau-Central","12.28444","-0.83722","Mogtedo"
"Namponkoré","Burkina Faso","Est","11.73748","1.77718","Namponkore"
"Nanoro","Burkina Faso","Centre-Ouest","12.68662","-2.19375",""
"Natiaboani","Burkina Faso","Est","11.69917","0.50611",""
"Niangoloko","Burkina Faso","Cascades Region","10.28333","-4.91667","N'jangoloko|niangoroko|nyangwlwkw"
"Nioko I","Burkina Faso","Centre","12.39501","-1.43861","Nyoko"
"Nouna","Burkina Faso","Boucle du Mouhoun","12.72939","-3.86305","Naunna|nauna|nwna"
"Orodara","Burkina Faso","Hauts-Bassins","10.98115","-4.91885","ao luo da la|ao luo duo la|awrwdara|wrwdara"
"Ouagadougou","Burkina Faso","Centre","12.36566","-1.53388","Huagadugu|Ouagadouga|Ouankantounkou|Ougadougou|Owagadugu|Uagadougou|Uagadugu|Uagaduguo|Uagadugú|Uaqaduqu"
"Ouahigouya","Burkina Faso","Nord","13.5769","-2.41786","Uahiguja|Uakhiguja|Vakhiguja|Waiguya|o'ahigoya|oyahigoya|wa xi gu ya|wahigoya|wahiguya|wahyghwya"
"Ouargaye","Burkina Faso","Centre-Est","11.50202","0.05886","Ouargay|Uargaje|au'araga'e|au'aragaye|oyaragaya|uarugaie|wargayh|warigaye|warkay"
"Pa","Burkina Faso","Boucle du Mouhoun","12.66667","-3.95",""
"Pama","Burkina Faso","Est","11.24972","0.7075","Panea|bama"
"Pissila","Burkina Faso","Centre-Nord","13.16417","-0.8225",""
"Pitmoaga","Burkina Faso","Centre-Ouest","12.24564","-1.88148",""
"Pô","Burkina Faso","Centre-Sud","11.16972","-1.145",""
"Pouytenga","Burkina Faso","Centre-Est","12.25162","-0.42565","Pouitenga|Pouitenga-Tanlili|Pouytenga Tanlili"
"Réo","Burkina Faso","Centre-Ouest","12.31963","-2.47094","re'o|ri'o"
"Saaba","Burkina Faso","Centre","12.37136","-1.41468","Saba"
"Sabou","Burkina Faso","Centre-Ouest","12.06667","-2.23333","Sabu"
"Saonré","Burkina Faso","Centre","12.2751","-1.57692","Saonre"
"Sapouy","Burkina Faso","Centre-Ouest","11.55444","-1.77361","Sapoui|Sapui|Sapuj|sabwy|sapauya|sapo'i"
"Sebba","Burkina Faso","Sahel","13.43641","0.53044","Zebba|seba|syba"
"Sindou","Burkina Faso","Cascades Region","10.66667","-5.16667","Sindu|shindou|sido|sindau|sinidu|sndw|syndw"
"Solenzo","Burkina Faso","Boucle du Mouhoun","12.17423","-4.08477","Salanso|Solenco|Solenso|solainazo|solenajo|solenizo|solenjo|sorenzo|swlnzw|swlynzw"
"Tenkodogo","Burkina Faso","Centre-Est","11.78442","-0.37184","Tenkodogas|tenakodogo|teng ke duo ge|tenikwedogo|tnkwdwghw|tnkwdwgw|tynkwdwgw"
"Tita","Burkina Faso","Centre-Ouest","11.92092","-2.51536","Napone|Naponé|Tita Napone|Tita Naponé"
"Titao","Burkina Faso","Nord","13.76667","-2.06667","titanva|tytaw"
"Tô","Burkina Faso","Centre-Ouest","11.44379","-2.22548",""
"Toma","Burkina Faso","Boucle du Mouhoun","12.75844","-2.89879","twma"
"Tougan","Burkina Faso","Boucle du Mouhoun","13.07237","-3.06939","Tugan|taugana|tugani|twgan|twghan"
"Yako","Burkina Faso","Nord","12.9591","-2.26075","Jako|iyako|yakw|yakwe"
"Yalgo","Burkina Faso","Centre-Nord","12.93333","-0.85",""
"Zabré","Burkina Faso","Centre-Est","11.1825","-0.63222","Zabre|Zabere|Zabéré"
"Zinguédéssé","Burkina Faso","Centre","12.24661","-1.58402","Zinguedesse|Zeguedesse|Zéguédessé|Zéguédéssé"
"Ziniaré","Burkina Faso","Plateau-Central","12.58236","-1.29753","Ziniare|Zimare|Zimaré|Zinarie|Zinarié|jiniare|jiniyara|zini'ere|ziniyare|zynyar"
"Zorgo","Burkina Faso","Plateau-Central","12.24922","-0.61527","Zorgho|Zorogo|jargo|jorago|jorgo|zorigo|zorugo|zwrghw|zwrgw"
"Abdel Begrou","Mali","Bamako","15.4975","-6.95056","'Adel Bagrou|Abdel Bagrou"
"Aguelhok","Mali","Kidal","19.46139","0.85889","Aguel-Hoc|Aguelock|Aguelok"
"Andéranboukan","Mali","Ménaka","15.4275","3.0175","Anderanboukan|Amderamboukan|Amderamboukane|Amdéramboukane|Anderabukani|Anderamboukan|Anderamboukane|Anderanboukane|Anderanbukani|Andéramboukane"
"Bafoulabé","Mali","Kayes","13.80843","-10.83344","Bafoulabe|Bafulabe"
"Bamako","Mali","Bamako","12.60915","-7.97522","Bamaco|Bamaco - Bamako|Bamakas|Bamaku|Bamakó|Bammaco|Bammako|Mpamako|ba ma ke|bamakw"
"Bamba","Mali","Gao","10.38333","-7.15","Banba"
"Banamba","Mali","Koulikoro","13.54773","-7.44808","Bananba"
"Bandiagara","Mali","Mopti","14.35005","-3.61038","Banjagara"
"Bankass","Mali","Mopti","14.0775","-3.51594","Bankas|Bankasse|Bankassi|Bankassé"
"Bla","Mali","Ségou","12.95083","-5.75557","Bila"
"Bougouni","Mali","Sikasso","11.41769","-7.48323","Bougoum|Buguni|Bugunin"
"Bourem","Mali","Gao","16.955","-0.34861","Burem"
"Dialakorodji","Mali","Koulikoro","12.70354","-7.96463","Dialakoroji"
"Diéma","Mali","Kayes","14.54","-9.1921","Diema|Diena|Diéna|Jema"
"Dioïla","Mali","Koulikoro","12.48735","-6.80313","Dioila|Doila|Doïla"
"Diourou","Mali","Ségou","13.68719","-5.83203",""
"Diré","Mali","Tombouctou","16.25705","-3.40126","Dire"
"Djenné","Mali","Mopti","13.90608","-4.55332","Djenne|Djénné|Dzhene|Jene"
"Douentza","Mali","Mopti","15.00605","-2.9517","Douenza|Duwanza"
"Dougabougou","Mali","Ségou","13.82049","-6.12057","Douabougou"
"Fana","Mali","Koulikoro","12.7787","-6.9564",""
"Finnkolo","Mali","Sikasso","11.26822","-5.51054","Fenkolo|Finkolo"
"Gao","Mali","Gao","16.27167","-0.04472","Gawo|Nkao|gayw|ghaw|jia ao|ka xo"
"Goundam","Mali","Tombouctou","16.41453","-3.67075","Gundamu"
"Inékar","Mali","Ménaka","15.95944","3.14111","Inekar|Inekari"
"I-n-Tillit","Mali","Gao","15.54611","-0.46056",""
"Kabala","Mali","Koulikoro","12.52549","-8.03927",""
"Kadiolo","Mali","Sikasso","10.55","-5.76667","Kajolo"
"Kalaban Koro","Mali","Koulikoro","12.57329","-8.02907","Kalaba|Kalabancoro"
"Kangaba","Mali","Koulikoro","11.93333","-8.41667","Kaba|Kangara"
"Kati","Mali","Koulikoro","12.74409","-8.07257","Kati Ville|Katis|ka di|katy"
"Kayes","Mali","Kayes","14.44776","-11.44393","Kaes|Kagies|Kajes|Kajesas|Kayi|ka'esa|kayesa|kayesi|kays|keseu"
"Ké-Macina","Mali","Ségou","13.9641","-5.35791","Ke-Macina|Ke Machine|Ke Massina|Ke-Masina|Ke-Masino|Ké Massina"
"Kidal","Mali","Kidal","18.44345","1.40921","Kidali|Kidalis|Kintal|ji da er|kidala|kidaru|kydal"
"Kinmparana","Mali","Ségou","12.84217","-4.9245","Kemparana|Kimpanana|Kimparala|Kimparana"
"Kita","Mali","Kayes","13.03885","-9.48817",""
"Kokofata","Mali","Kayes","12.88333","-9.95",""
"Kolokani","Mali","Koulikoro","13.57388","-8.03267","Kokolani"
"Kolondiéba","Mali","Sikasso","11.08943","-6.8929","Kolondieba"
"Koro","Mali","Mopti","14.064","-3.07539",""
"Koulikoro","Mali","Koulikoro","12.86273","-7.55985","Koulikoro-Liberte|Koulikoro-Liberté|Kulikoras|Kulikoro|kaulikoro|ku li ke luo|kulikwero|kullikolo|kurikoro|kwlykwrw"
"Kouri","Mali","Sikasso","12.18396","-4.80284","Koury|Kuri"
"Koutiala","Mali","Sikasso","12.38723","-5.46507","Kucala|Kutiala|ku jia la"
"Mahina","Mali","Kayes","13.9044","-10.0986",""
"Markala","Mali","Ségou","13.68427","-6.07352","Marakala"
"Massiogo","Mali","Sikasso","10.30635","-6.10972",""
"Ménaka","Mali","Ménaka","15.91985","2.39609","Menaka|Menaca|mei na ka|mnaka|mnka|mynka"
"Moninnpébougou","Mali","Ségou","14.1508","-5.5209","Moninnpebougou|Manimpe|Manimpé|Monempe|Monempé|Monimpe|Monimpebougou|Monimpebugu|Monimpé|Monimpébougou"
"Mopti","Mali","Mopti","14.4843","-4.18296","Moptis|Moti|mapti|mbty|mo pu ti|mobti|mopati|mwbty|mwpty"
"Moribabougou","Mali","Koulikoro","12.68672","-7.86378","Maribabougou|Moribabugu"
"Nara","Mali","Koulikoro","15.16931","-7.28985",""
"Niafunké","Mali","Tombouctou","15.9322","-3.9906","Niafunke|Matounke|Niafounke|Niafounké"
"Niono","Mali","Ségou","14.25054","-5.98679",""
"Nioro","Mali","Kayes","15.23074","-9.59356","Nioro du Sahel|Noiro"
"Ntossoni","Mali","Sikasso","12.5304","-5.77003","Ntosoni"
"Pèlèngana","Mali","Ségou","13.4274","-6.222","Pelengana|Flangana|Palenguena|Palenguéna|Pelenguena|Pelennguena|Pélenguéna|Pélennguéna"
"Sagalo","Mali","Kayes","12.2","-10.7","Sagallo"
"San","Mali","Ségou","13.29701","-4.89627",""
"Sangarébougou","Mali","Koulikoro","12.70581","-7.90268","Sangarebougou"
"Ségou","Mali","Ségou","13.44032","-6.25947","Segou|Segi|Segoukoro|Segu|Segú|Senkou|Ségoukoro|sai gu|syghw|sygw"
"Sibi","Mali","Koulikoro","12.37549","-8.33487","Siby"
"Sikasso","Mali","Sikasso","11.31755","-5.66654","Sikasas|Sikaso|shikaso|sykasw|xi ka suo"
"Sirakoro Méguétana","Mali","Koulikoro","12.56439","-7.91551","Sirakoro Meguetana|Siracoro Meguetana|Sirakoro"
"Siribala Coro","Mali","Ségou","14.0432","-6.1067","Siribala|Siribala-Koro"
"Taoudenni","Mali","Taoudénit","22.67691","-3.97922","Taodeni|Taodenni|Taodéni|Taoudeni|Taoudenit|Taoudéni|Taoudénit|Taudeni|Taudenio|Taudenis"
"Ténenkou","Mali","Mopti","14.45722","-4.9169","Tenenkou"
"Tessit","Mali","Gao","15.21667","-0.3","Tesiti"
"Timbuktu","Mali","Tombouctou","16.77348","-3.00742","Timbocto|Timboctu|Timboctó|Timboctú|Timboektoe|Timbouctou|Timbuctoo|Timbuctu|Timbuctù|Timbuctú"
"Toubakoura","Mali","Koulikoro","13.4637","-7.38278","Touba"
"Yanfolila","Mali","Sikasso","11.18333","-8.15",""
"Yorosso","Mali","Sikasso","12.35811","-4.77688","Joroso"
"Zégoua","Mali","Sikasso","10.48804","-5.64943","Zegoua|Zegua|Zeguwa|Zekoua|Zékoua"
"Akjoujt","Mauritanie","Inchiri","19.74163","-14.38534","Akdzawadzat|Akdzhudzht|Akdżawadżat|Akjout|Akjujat|Akjūjat|Fort Repoux|akajaujata|akjwjt|akujuguto"
"Aleg","Mauritanie","Brakna","17.05314","-13.91312","Alak|Alāk|alega|alyg|aregu"
"Amourj","Mauritanie","Hodh Ech Chargi","16.10916","-7.21387",""
"Arafat","Mauritanie","Nouakchott South","18.04639","-15.97194","arafato|araphata"
"Atar","Mauritanie","Adrar","20.51875","-13.04637","Atara|Ataras|Atâr|Atāra|Aţār|a ta er|ataleu|ataru"
"Ayoun El Atrous","Mauritanie","Hodh El Gharbi","16.6614","-9.6149","Aioun|Aioun el Atrouss|Ajun-ehl'-Atrus|Ayoûn el Atroûs|Aïoun|Aïoun el Atrouss|ayauna ela atrausa|ayuna ela atrusa"
"Bababé","Mauritanie","Brakna","16.3371","-13.95287","Bababe"
"Bagodine","Mauritanie","Brakna","16.24013","-13.72224","Bagoudine"
"Basseknou","Mauritanie","Hodh Ech Chargi","15.86652","-5.94604","Bacikounou|Bassikounou"
"Bogué","Mauritanie","Brakna","16.59153","-14.26309","Bogue|Boghe|Boghé|Bogue Dow|Bogué Dow|bwghy|bwky"
"Bouanzé","Mauritanie","Guidimaka","15.81852","-12.23218","Bouanze"
"Bougadoum","Mauritanie","Hodh Ech Chargi","15.86702","-7.36924",""
"Bouhdida","Mauritanie","Brakna","16.92809","-13.99918",""
"Bouly","Mauritanie","Guidimaka","15.31753","-11.80095","Bouli"
"Bousteila","Mauritanie","Hodh Ech Chargi","15.5754","-8.08563","Bou Ctaila|Bousteile|Boustéïlé"
"Boutilimitt","Mauritanie","Trarza","17.54584","-14.69777","Boutilimit|Boutillmit"
"Dar el Barka","Mauritanie","Brakna","16.68294","-14.70031","Mame Diak"
"Dar Naim","Mauritanie","Nouakchott North","18.10808","-15.92666","dara na'ima|dara nayema"
"Diaguily","Mauritanie","Guidimaka","14.84796","-12.39271","Adyakili|Adyākīlī|Diaguili|adyakyly"
"Diogountourou","Mauritanie","Guidimaka","14.77","-12.2509","Diogoutourou"
"Djiguenni","Mauritanie","Hodh Ech Chargi","15.73208","-8.66561","Djigeni|Djigueni|Djiguéni|Djigéni|jkny"
"Djowol","Mauritanie","Gorgol","16.06393","-13.37292","Diovol|Djeol|Djovol|Dyovol"
"El ’Ayoûn","Mauritanie","Assaba","15.55791","-11.18004","El 'Ayoun|El Aioun|El Aïoun"
"El Ghayra","Mauritanie","Tagant","17.19778","-12.24",""
"Elghabra","Mauritanie","Assaba","16.64713","-12.67113","Rhabra"
"Fondé Elimane","Mauritanie","Brakna","16.31684","-13.91911","Fonde Elimane|Fonde Dieri|Fondé Diéri"
"Ganki Un","Mauritanie","Gorgol","16.21413","-13.24037","Ganki|KankiWahid"
"Guerou","Mauritanie","Assaba","17.07754","-12.03869",""
"Hassi Chegar","Mauritanie","Guidimaka","15.36628","-12.08663","Hassi Chaggar|Hassi-Chogar"
"Kaédi","Mauritanie","Gorgol","16.15071","-13.50582","Kaedi|Kaedis|Kaehdi|Kajhajdi|Kayhaydi|Kayhaydī|Kayhidi|Kayhīdī|ka ai di|kayadi"
"Kankossa","Mauritanie","Assaba","15.93891","-11.52701",""
"Kiffa","Mauritanie","Assaba","16.62073","-11.40208","Kifa|Kifah|Kiff|Kîfa|Kīfa|Kīfah|ji fa|kipa|kiphpha|kyfa"
"Kobenni","Mauritanie","Hodh El Gharbi","15.81722","-9.36528","Kobonni"
"Ksar","Mauritanie","Nouakchott West","18.0995","-15.9574",""
"Lexeiba Un","Mauritanie","Gorgol","16.22506","-13.14089","El Kseiba|El Kseïba|LaksaybahWahid|Lekseiba|Lekseïba|Leqceiba|Leqçeïba"
"Maghama","Mauritanie","Gorgol","15.51014","-12.85096","Magama"
"Magṭa‘ Laḥjar","Mauritanie","Brakna","17.506","-13.0927","Magta' Lahjar"
"Mbera","Mauritanie","Hodh Ech Chargi","15.85615","-5.79067",""
"Mboutt","Mauritanie","Gorgol","16.02322","-12.57872","Mbout"
"Mederdra","Mauritanie","Trarza","16.92256","-15.65646",""
"Ndiago","Mauritanie","Trarza","16.16763","-16.51026","andyakw|anjakw|bldyt andyakw|mntqt andyakw|mntqt anjakw"
"Néma","Mauritanie","Hodh Ech Chargi","16.61702","-7.25649","Nema|nyma"
"Nouadhibou","Mauritanie","Dakhlet Nouadhibou","20.94188","-17.03842","Nawazibu|Nouadibou|Nouâdhibou|Nuadibu|Nuadibú|Port Etienne|Port Ettienne|Port-Étienne|nu'adhibu|nuwadibu"
"Nouakchott","Mauritanie","Mauritanie","18.08581","-15.9785","Naevakjut|Nawakshot|Nawakszut|Nouakchat|Nouakchot|Nouaksot|Nouaxot|Nuakchot|Nuakshot|Nuaksjott"
"Ouad Naga","Mauritanie","Trarza","17.96636","-15.51802",""
"Oualata","Mauritanie","Hodh Ech Chargi","17.29784","-7.02346","Oualâta|Ualata|Walata|Walatah"
"Ould Yenjé","Mauritanie","Guidimaka","15.54038","-11.71467","Ould Yenje|Ould Yanja"
"R'kiz","Mauritanie","Trarza","16.9151","-15.23701",""
"Rosso","Mauritanie","Trarza","16.51378","-15.80503","Al-Quwarib|Roco|Rosa|Rosas|Roso|loso|luo suo|raso|rwsw"
"Sagné","Mauritanie","Gorgol","15.20457","-12.78979","Sagne"
"Sélibaby","Mauritanie","Guidimaka","15.15846","-12.1843","Selibaby|Saylibabi|Saylibābī|Seliba|Selibabi|Sélibabi|seribabi|sylbaby|sylybaby"
"Tékane","Mauritanie","Trarza","16.60175","-15.34866","Tekane|Tiekane|Tiékane"
"Tembedgha","Mauritanie","Hodh Ech Chargi","16.24137","-8.17321","Timbedgha|Timbedra|Timbédra|Timebedra|Timébédra|tmbdght"
"Tevragh Zeina","Mauritanie","Nouakchott West","18.09894","-15.98848","Tafragh Zaynah|Tevrag-Zejna|Tevragh Zeïna|tebhraga je'ina|tevaraga jena|tevaragha jena|tfragh zynh|tfrgh zynh"
"Tidjikja","Mauritanie","Tagant","18.55644","-11.42715","Fort Cappolani|Tidjikdja|Tidzhdikdzha|Tijikja|tidijikija|tijikaja|tijikuja|tyjykja|tyjykjt"
"Ṭinṭâne","Mauritanie","Hodh El Gharbi","16.3946","-10.1737","Tintane"
"Vassala","Mauritanie","Hodh Ech Chargi","15.5571","-5.516","Fassala Nere|Fassala Néré|Fassale|Fassalé"
"Wali Djantang","Mauritanie","Gorgol","15.33255","-12.87464",""
"Zouérat","Mauritanie","Tiris Zemmour","22.73542","-12.47134","Zouerat|Az Zuwayrat|Az Zuwayrāt|Azuwayrat|Azuwayrāt|Zoueiratt|Zouerate|Zoueïratt|Zouirat|Zouérate"
"Abala","Niger","Tillabéri Region","14.9369","3.4336","Abalai|Abalaï"
"Abalak","Niger","Tahoua Region","15.4509","6.2793","Ebaka|Ibeka"
"Adérbissinat","Niger","Agadez","15.6275","7.8945","Aderbissinat"
"Agadez","Niger","Agadez","16.97333","7.99111","Agades|Agadesas|Agadèz|Ankantez|a jia de zi|agadeja|agadejeu|agadesi|agadesu|agadeza"
"Aguié","Niger","Maradi Region","13.50601","7.77863","Aguie|Agye|Agyé"
"Alaghsas","Niger","Agadez","17.0187","8.0168","Alarsas"
"Arlit","Niger","Agadez","18.73694","7.38528","Arhli|Arli|Arlitas|a er li te|aleulliteu|aritto|arlyt"
"Ayorou","Niger","Tillabéri Region","14.73075","0.91739","Agorou"
"Bagaroua","Niger","Tahoua Region","14.63616","4.34896","Bagarwa"
"Baléyara","Niger","Tillabéri Region","13.7838","2.9523","Baleyara"
"Bani Bangou","Niger","Tillabéri Region","15.0416","2.7037","Banibanagan"
"Bankilaré","Niger","Tillabéri Region","14.57653","0.72669","Bankilare"
"Bélbéji","Niger","Zinder Region","14.6769","7.98282","Belbeji|Belbedji|Belbeye|Belbédji|Belbéye"
"Bilma","Niger","Agadez","18.68532","12.91643","Bilina|Fort Dromard|bi er ma|biruma|bylma|fwr drwmar"
"Birni N Konni","Niger","Tahoua Region","13.79599","5.25026","Birni n'Kenni|Birni-Koni|Birnin Koni|Konni"
"Birnin Gaouré","Niger","Dosso Region","13.08173","2.91099","Birnin Gaoure|Birni Ngaure"
"Bosso","Niger","Diffa","13.69869","13.30951",""
"Bouza","Niger","Tahoua Region","14.42293","6.04278",""
"Dakoro","Niger","Maradi Region","14.51056","6.765",""
"Diffa","Niger","Diffa","13.31536","12.61135","Difa|dipa|dipha|diphpha|dyfa"
"Dioundiou","Niger","Dosso Region","12.61677","3.54427","Dioundou|Eioundiou"
"Dogondoutchi","Niger","Dosso Region","13.6403","4.02649","Dogonduchi"
"Dosso","Niger","Dosso Region","13.049","3.1937","Dosco|daso|doso|dwsw"
"Dungas","Niger","Zinder Region","13.06153","9.34342","Dengas|Doungas|Dungass"
"Falmey","Niger","Dosso Region","12.59539","2.85112","Falme"
"Filingué","Niger","Tillabéri Region","14.3521","3.3168","Filingue"
"Gaya","Niger","Dosso Region","11.88435","3.44919",""
"Gazaoua","Niger","Maradi Region","13.52578","7.91398","Gaxaoua|Gazawa"
"Gothèye","Niger","Tillabéri Region","13.8559","1.56707","Gotheye|Gothey"
"Goudoumaria","Niger","Diffa","13.7109","11.1885","Goudomaria|Gudumaria"
"Gouré","Niger","Zinder Region","13.9835","10.27035","Goure"
"Guidan Roumdji","Niger","Maradi Region","13.6576","6.69567","Gidan Roumji|Guidam Roumji|Guidan Roumji"
"Illéla","Niger","Tahoua Region","14.4605","5.2437","Illela|Ilella|Illeta|Illéta"
"I-n-Gall","Niger","Agadez","16.78778","6.93417","In-Gal"
"Keïta","Niger","Tahoua Region","14.7551","5.7749","Keita"
"Kollo","Niger","Tillabéri Region","13.3043","2.339","Kolo"
"Loga","Niger","Dosso Region","13.6132","3.2358",""
"Madaoua","Niger","Tahoua Region","14.073","5.96","Madawa"
"Madarounfa","Niger","Maradi Region","13.30867","7.15602","Madaroumfa|Madarunfa"
"Magaria","Niger","Zinder Region","12.99826","8.90991",""
"Maïné Soroa","Niger","Diffa","13.21139","12.0241","Maine Soroa"
"Malbaza","Niger","Tahoua Region","13.92706","5.52032","Malbaxa"
"Maradi","Niger","Maradi Region","13.5","7.10174","Maradis|maladi|marady  nayjr|mrady"
"Matamey","Niger","Zinder Region","13.42309","8.47485","Matameye|Matamèye"
"Mayahi","Niger","Maradi Region","13.95532","7.67122","Majakhi|Mayaki"
"Méhana","Niger","Tillabéri Region","14.39389","1.13384","Mehana|At Mamoun|At Mamu|At-Mamou|At-Mamoum|Meana|Mehanna|Méana"
"Mirriah","Niger","Zinder Region","13.70727","9.15013","Miria|Mirria|Mirya|Myrria"
"Nguigmi","Niger","Diffa","14.24953","13.10921","Ngigmi"
"Niamey","Niger","Niamey","13.51366","2.1098","Niame|Niamei|Niamej|Niameja|Niamejus|Niameo|Niamè|Niamėjus|Nijamej|Níamey"
"Ouallam","Niger","Tillabéri Region","14.31641","2.08597","Oualam"
"Say","Niger","Tillabéri Region","13.1007","2.3689",""
"Tahoua","Niger","Tahoua Region","14.8888","5.2692","Tahua|Takhoa|Takhua|ta wa|tahau'a|taho'a|tahoya|tahwa|taua"
"Takiéta","Niger","Zinder Region","13.68066","8.52904","Takieta"
"Tanout","Niger","Zinder Region","14.97089","8.88786",""
"Tchin Tabaradèn","Niger","Tahoua Region","15.8969","5.7985","Tchin Tabaraden|Tchin-Tabaradene|Tchin-terbaradin"
"Tchirozérine","Niger","Agadez","17.22096","7.7614","Tchirozerine|Tchighozerine"
"Téra","Niger","Tillabéri Region","14.00776","0.75306","Tera"
"Tessaoua","Niger","Maradi Region","13.75737","7.9874",""
"Tibiri","Niger","Maradi Region","13.56271","7.04848",""
"Tibiri","Niger","Dosso Region","13.10575","3.99774","Ibiri"
"Tillabéri","Niger","Tillabéri Region","14.20711","1.45418","Tillaberi|Tillabery|Tillabéry|di la bei li|tilaberi|tillabeli|tiraberi|tlabyry|tylabry|tylabyry"
"Torodi","Niger","Tillabéri Region","13.11915","1.79869",""
"Youri Kourtéré","Niger","Tillabéri Region","13.3342","2.2475","Youri Kourtere|Youri|Yuri"
"Zinder","Niger","Zinder Region","13.80716","8.9881","Sinder|Zindehr|Zinderis|jandeleu|jin de er|jindara|sinde xr|zanderu|zidara|zindara"
"Abdi","Tchad","Ouadaï","12.8","21.3",""
"Abéché","Tchad","Ouadaï","13.82916","20.8324","Abeche|Abacher|Abecher|Abechê|Abese|Abeshe|Abesheh|Abeşe|Abešė|Abécher"
"Abou Déïa","Tchad","Salamat","11.448","19.2789","Abou Deia|Abou Dem|Aboudela|Abu Deia|Abu Deïa"
"Adré","Tchad","Ouadaï","13.46648","22.19875","Adre|adry"
"Am Dam","Tchad","Sila","12.76667","20.48333",""
"Am Timan","Tchad","Salamat","11.0433","20.28342","Am Timane|Am Timmane|Umm Timman|am altyman|am tyman|ama timana"
"Amdjarass","Tchad","Ennedi-Est","16.06666","22.83536","Amdzharass|am jrs|amajarasa|amjras|amujarasu"
"Ati","Tchad","Batha","13.2138","18.3393","atya"
"Baïbokoum","Tchad","Logone Oriental","7.74231","15.68999","Baibokoum|Baibokoun|Baibokun|Baïbokoun"
"Bardaï","Tchad","Tibesti","21.35468","17.00158","Bardai|barada'i|barday|baridayi|barudai|brday|brdayy"
"Bébédja","Tchad","Logone Oriental","8.6761","16.566","Bebedja|Bebedjia|Bebeidja|Bebeidjia|Bebiya|Bébédjia"
"Béboto","Tchad","Logone Oriental","8.26681","16.93898","Beboto"
"Bédiondo","Tchad","Mandoul","8.62891","17.18643","Bediondo|Bedjondo|Bedjoudo"
"Beïnamar","Tchad","Logone Occidental","8.6698","15.3813","Beinamar"
"Benoy","Tchad","Logone Occidental","8.98327","16.31991","Benoye|Bénoye"
"Béré","Tchad","Tandjilé","9.3202","16.1552","Bere"
"Biltine","Tchad","Wadi Fira","14.52727","20.92603","Biltin|bilatina|biltina|birutinu|bltn|bltyn|byltyn"
"Bitkine","Tchad","Guéra","11.9801","18.2138","Bitkin|bitakina|bitokin|btkyn"
"Bodo","Tchad","Chari-Baguirmi","11.78701","15.71496",""
"Bokoro","Tchad","Hadjer-Lamis","12.37813","17.05876","bo ke luo|bwkwrw"
"Bol","Tchad","Lac","13.46729","14.71352","Bol I|bola|boru"
"Bongor","Tchad","Mayo-Kebbi Est","10.28088","15.37425","bnqwr|bongara|bongora|bongoru|bonigori|bwngwr"
"Bousso","Tchad","Chari-Baguirmi","10.48473","16.71076","Bouso|Buso|Fort Bretonnet|bu suo|bwsw"
"Déressia","Tchad","Tandjilé","9.7602","16.2698","Deressia|Deresia|Dérésia"
"Doba","Tchad","Logone Oriental","8.66389","16.85324","dwba"
"Dourbali","Tchad","Chari-Baguirmi","11.80617","15.8669","Ndourbali"
"Fada","Tchad","Ennedi-Ouest","17.19186","21.58081","Fort de Fada|phada"
"Faya-Largeau","Tchad","Borkou","17.9257","19.10428","Faja Larzo|Faja Laržo|Faja-Larzho|Fajja-Larzho|Faya|Largeau|fa ya-la ruo|faya larjw|faya-largyaw|pha'i'a-larajo"
"Fianga","Tchad","Mayo-Kebbi Est","9.9146","15.1399","fei ang jia|fyanga|fyanka"
"Goré","Tchad","Logone Oriental","8.65","16.51667","Gore|ghwry|jwry"
"Goundi","Tchad","Mandoul","9.36267","17.36597","Gundi"
"Gounou Gaya","Tchad","Mayo-Kebbi Est","9.6294","15.5132","Gounou|Gounou Foursoum"
"Goz Beida","Tchad","Sila","12.22643","21.40983","Goz Beïda|Goz-Bejda|goja be'ida|goza be'ida|gwz byda|qwz albyd|qwz byda|qwz bydt"
"Guelendeng","Tchad","Mayo-Kebbi Est","10.91762","15.55011","Gelengdeng|Guelengdeng|Guélengdeng|Gélengdeng"
"Guéréda","Tchad","Wadi Fira","14.51667","22.08333","Guereda"
"Haraze","Tchad","Salamat","9.93969","20.90524",""
"Iriba","Tchad","Wadi Fira","15.11667","22.25","aryba|hryba"
"Kelo","Tchad","Tandjilé","9.30859","15.80658",""
"Kirdimi","Tchad","Borkou","18.15223","18.5385",""
"Koumra","Tchad","Mandoul","8.91587","17.55046","Koumbra|ko'umara|komara|kumra|kumura|kwmra"
"Krim Krim","Tchad","Logone Occidental","8.97225","15.80359",""
"Kyabé","Tchad","Moyen-Chari","9.45149","18.94493","Kyabe|Kiyabe|Kiyabi|Kiyabé"
"Laï","Tchad","Tandjilé","9.3972","16.30066","Behagie|Behagle|la'i|layi|layy"
"Léré","Tchad","Mayo-Kebbi Ouest","9.6447","14.2151","Lere|lyry"
"Mandelia","Tchad","Chari-Baguirmi","11.73017","15.24468",""
"Mangalmé","Tchad","Guéra","12.3546","19.6139","Mangalme"
"Mao","Tchad","Kanem","14.12286","15.31189",""
"Maro","Tchad","Mandoul","9.22349","17.71018",""
"Massaguet","Tchad","Hadjer-Lamis","12.47554","15.43647","Masaqit|Massa Gueit|Massaguete|Massaguette|Massaquet|msaqt"
"Massakory","Tchad","Hadjer-Lamis","12.99809","15.73195","Dagana|Massakori|masakori|masisakweri|maskwry|mskwry"
"Massenya","Tchad","Chari-Baguirmi","11.40345","16.17037","Chekna|Massenia|Massenija|Tchekna|masen'ya|maseni'a|masnya|masynya|myaseniya"
"Mboursou Léré","Tchad","Mayo-Kebbi Ouest","9.7639","14.1539","Mboursou Lere|ambwrsw lyry"
"Melfi","Tchad","Guéra","11.0598","17.9355",""
"Moïssala","Tchad","Mandoul","8.3404","17.7663","Moissala|Moisala|Moissaia|ma'isala|maw sakh|mo ai sa la|mo'islala|moisalsa|moisara|mos'sala"
"Mongo","Tchad","Guéra","12.18514","18.6884","Munqu|Mūnqū|mango|mnqw|monigo|mwngw|mwnjw|mwnkw|mwnqw"
"Moundou","Tchad","Logone Occidental","8.57437","16.07722","Mondou|Mondu|Moundu|Mundju|Mundu|mawndw|meng du|mndw|mundou|munidu"
"Moussoro","Tchad","Barh el Gazel","13.64436","16.48954","Bahr el Ghazal|Musoro|mus'soro|mwswrw"
"N'Djamena","Tchad","N’Djaména","12.10672","15.0444","Fort-Lamy|Indschamina|Ingamina|Injamina|Injamīnā|Lamy|Ndjemena|Ndzamena|Ndzhamena|Ndżamena"
"Ngama","Tchad","Hadjer-Lamis","11.78729","17.15925","Gama|Ngama Yakoud"
"Ngama","Tchad","Chari-Baguirmi","11.78333","17.16667","Ngama Yakoud"
"Ngouri","Tchad","Logone Occidental","8.5135","16.00682","Ngoun"
"Nokou","Tchad","Kanem","14.57901","14.7793",""
"Ounianga Kébir","Tchad","Ennedi-Ouest","19.05263","20.48887","Ounianga Kebir|Unianga-Kebir|awnyanga kbyr|awnyanqa kbyr|unianga"
"Pala","Tchad","Mayo-Kebbi Ouest","9.3646","14.90725","Palla|bala|para"
"Salal","Tchad","Barh el Gazel","14.8439","17.2254",""
"Sarh","Tchad","Moyen-Chari","9.14555","18.38331","Archambault|Fort-Archambault|Sagh|Sahr|Sarkh|Shar|fwr arshambw|sara|sari|sart"
"Umm Hājar","Tchad","Batha","13.2954","19.6966","Umm Hajar|Oum Hadjer|Umm Hadschar|Umm Hagar|Umm Hādschar|am hajr"
"Yao","Tchad","Batha","12.8488","17.55656",""
